<?xml version='1.0' encoding='UTF-8' ?>
<timeLogEntries>
  <time id="1" path="/Proyecto/tutorial/PSP0/Planning" start="@1669131802048" delta="9" />
  <time id="2" path="/Proyecto/tutorial/PSP0/Design" start="@1669132343522" delta="8" />
  <time id="3" path="/Proyecto/tutorial/PSP0/Code" start="@1669132849851" delta="2" />
  <time id="4" path="/Proyecto/tutorial/PSP0/Compile" start="@1669132975150" delta="2" />
  <time id="5" path="/Proyecto/tutorial/PSP0/Test" start="@1669133080552" delta="5" />
  <time id="6" path="/Proyecto/tutorial/PSP0/Postmortem" start="@1669133377588" delta="4" />
  <time id="7" path="/Proyecto/tutorial/PSP0/Postmortem" start="@1669133636719" />
  <time id="8" path="/Proyecto/new/PSP0/Planning" start="@1669735634973" delta="7" />
  <time id="9" path="/Proyecto/new/PSP0/Design" start="@1669736074637" delta="17" />
  <time id="10" path="/Proyecto/new/PSP0/Code" start="@1669737098748" delta="37" />
  <time id="11" path="/Proyecto/new/PSP0/Code" start="@1669743931118" delta="8" />
  <time id="12" path="/Proyecto/new/PSP0/Compile" start="@1669744398693" delta="5" />
  <time id="13" path="/Proyecto/new/PSP0/Test" start="@1669744698942" delta="8" interrupt="4" />
  <time id="14" path="/Proyecto/new/PSP0/Postmortem" start="@1669745481667" delta="3" />
</timeLogEntries>
